Noun	Item	Region	Condition	Surprisal	SurprisalReweighted	ThatFraction	ThatFractionReweighted	SurprisalsWithThat	SurprisalsWithoutThat	Word
exp.b.1	was	4.353	4.386	The insinuation that the teacher failed the student was only a malicious smear.
exp.d.1	was	5.905	5.601	The insinuation that the teacher who the principal who excelled in leadership liked failed the student was only a malicious smear.
exp.a.1	was	5.305	5.305	The insinuation was only a malicious smear.
exp.c.1	was	5.048	4.898	The insinuation that the teacher who the principal liked failed the student was only a malicious smear.
exp.c.2	seemed	8.383	8.34	The certainty that the doctor who the colleague mistrusted cured the patients seemed hard to believe.
exp.b.2	seemed	9.189	9.146	The certainty that the doctor cured the patients seemed hard to believe.
exp.a.2	seemed	10.392	10.392	The certainty seemed hard to believe.
exp.d.2	seemed	10.032	9.89	The certainty that the doctor who the colleague who discovered new therapies mistrusted cured the patients seemed hard to believe.
exp.b.3	was	8.004	7.991	The understanding that the president appointed the commander was entirely bogus.
exp.d.3	was	8.148	7.455	The understanding that the president who the farmer who implemented agricultural policies admired appointed the commander was entirely bogus.
exp.c.3	was	6.489	5.226	The understanding that the president who the farmer admired appointed the commander was entirely bogus.
exp.a.3	was	6.387	6.387	The understanding was entirely bogus.
exp.b.4	appeared	9.781	9.69	The guess that the victim sued the criminal appeared on TV.
exp.c.4	appeared	10.672	10.458	The guess that the victim who the swimmer rescued sued the criminal appeared on TV.
exp.d.4	appeared	12.659	12.105	The guess that the victim who the swimmer who administered first aid rescued sued the criminal appeared on TV.
exp.a.4	appeared	9.242	9.242	The guess appeared on TV.
exp.d.5	drove	11.545	11.126	The conviction that the guest who the cousin who taught yoga invited visited the uncle drove Jill crazy.
exp.b.5	drove	10.443	10.442	The conviction that the guest visited the uncle drove Jill crazy.
exp.c.5	drove	10.403	10.03	The conviction that the guest who the cousin invited visited the uncle drove Jill crazy.
exp.a.5	drove	11.848	11.848	The conviction drove Jill crazy.
exp.c.6	became	10.593	9.784	The story that the psychiatrist who the nurse assisted diagnosed the patient became widely known.
exp.d.6	became	9.697	9.112	The story that the psychiatrist who the nurse who prescribed medication assisted diagnosed the patient became widely known.
exp.a.6	became	7.931	7.931	The story became widely known.
exp.b.6	became	9.722	9.722	The story that the psychiatrist diagnosed the patient became widely known.
exp.b.7	was	5.687	5.687	The sense that the driver phoned the tourist was absolutely true.
exp.a.7	was	6.477	6.477	The sense was absolutely true.
exp.c.7	was	3.886	2.912	The sense that the driver who the guide called phoned the tourist was absolutely true.
exp.d.7	was	7.636	6.426	The sense that the driver who the guide who directed traffic called phoned the tourist was absolutely true.
exp.c.8	appeared	10.06	9.54	The perception that the actor who the fans loved greeted the director appeared to be true.
exp.b.8	appeared	11.016	11.016	The perception that the actor greeted the director appeared to be true.
exp.d.8	appeared	11.484	10.715	The perception that the actor who the fans who followed his career loved greeted the director appeared to be true.
exp.a.8	appeared	11.018	11.018	The perception appeared to be true.
exp.c.9	proved	9.99	9.961	The assertion that the banker who the analyst defrauded trusted the customer proved to be made up.
exp.d.9	proved	10.871	10.937	The assertion that the banker who the analyst who overlooked suspicious transactions defrauded trusted the customer proved to be made up.
exp.a.9	proved	9.174	9.174	The assertion proved to be made up.
exp.b.9	proved	9.236	9.202	The assertion that the banker trusted the customer proved to be made up.
exp.c.10	was	4.778	3.079	The impression that the judge who the attorney hated acquitted the defendant was a lie.
exp.d.10	was	6.445	5.829	The impression that the judge who the attorney who presented compelling evidence hated acquitted the defendant was a lie.
exp.a.10	was	4.189	4.189	The impression was a lie.
exp.b.10	was	2.649	2.639	The impression that the judge acquitted the defendant was a lie.
exp.d.11	seemed	9.282	8.704	The observation that the neighbour who the woman who heard rumors distrusted poisoned the dog seemed to be a malicious smear.
exp.b.11	seemed	7.49	7.49	The observation that the neighbour poisoned the dog seemed to be a malicious smear.
exp.c.11	seemed	7.159	6.782	The observation that the neighbour who the woman distrusted poisoned the dog seemed to be a malicious smear.
exp.a.11	seemed	8.706	8.706	The observation seemed to be a malicious smear.
exp.a.12	was	4.418	4.418	The reminder was sad to hear.
exp.c.12	was	5.651	3.328	The reminder that the actor who the producer blamed got very sick was sad to hear.
exp.d.12	was	8.102	5.693	The reminder that the actor who the producer who directed scenes blamed got very sick was sad to hear.
exp.b.12	was	4.754	4.647	The reminder that the actor got very sick was sad to hear.
exp.c.13	was	4.113	3.552	The indication that the captain who the crew trusted commanded the sailor was nice to hear.
exp.a.13	was	5.012	5.012	The indication was nice to hear.
exp.d.13	was	4.851	4.475	The indication that the captain who the crew who saved lives trusted commanded the sailor was nice to hear.
exp.b.13	was	4.286	4.375	The indication that the captain commanded the sailor was nice to hear.
exp.a.14	seemed	9.077	9.077	The complaint seemed absurd.
exp.c.14	seemed	10.302	9.615	The complaint that the manager who the boss authorized hired the intern seemed absurd.
exp.b.14	seemed	8.298	8.297	The complaint that the manager hired the intern seemed absurd.
exp.d.14	seemed	11.317	11.294	The complaint that the manager who the boss who approved documents authorized hired the intern seemed absurd.
exp.a.15	was	3.889	3.889	The evidence was entirely correct.
exp.b.15	was	2.272	2.253	The evidence that the bully harassed the boy was entirely correct.
exp.c.15	was	5.796	3.854	The evidence that the bully who the children hated harassed the boy was entirely correct.
exp.d.15	was	6.32	5.409	The evidence that the bully who the children who suffered abuse hated harassed the boy was entirely correct.
exp.c.16	reached	11.386	10.827	The rumor that the plaintiff who the jury interrogated interrupted the witness reached the news.
exp.d.16	reached	11.97	11.434	The rumor that the plaintiff who the jury who examined documents interrogated interrupted the witness reached the news.
exp.a.16	reached	7.884	7.884	The rumor reached the news.
exp.b.16	reached	11.783	11.771	The rumor that the plaintiff interrupted the witness reached the news.
exp.d.17	sounds	10.299	10.309	The prediction that the drunkard who the thug who stumbled clumsily hit outwitted the bartender sounds hilarious.
exp.c.17	sounds	9.627	9.564	The prediction that the drunkard who the thug hit outwitted the bartender sounds hilarious.
exp.b.17	sounds	8.274	8.273	The prediction that the drunkard outwitted the bartender sounds hilarious.
exp.a.17	sounds	9.045	9.045	The prediction sounds hilarious.
exp.d.18	proved	11.971	11.633	The opinion that the medic who the survivor who received treatment thanked greeted the surgeon proved to be untrue.
exp.a.18	proved	10.275	10.256	The opinion proved to be untrue.
exp.c.18	proved	11.123	10.754	The opinion that the medic who the survivor thanked greeted the surgeon proved to be untrue.
exp.b.18	proved	10.59	10.582	The opinion that the medic greeted the surgeon proved to be untrue.
exp.b.19	took	6.975	6.975	The confirmation that the lifesaver rescued the swimmer took the townspeople by surprise.
exp.d.19	took	8.334	8.51	The confirmation that the lifesaver who the soldier who demonstrated techniques taught rescued the swimmer took the townspeople by surprise.
exp.a.19	took	8.118	8.118	The confirmation took the townspeople by surprise.
exp.c.19	took	7.566	7.381	The confirmation that the lifesaver who the soldier taught rescued the swimmer took the townspeople by surprise.
exp.d.20	was	6.398	5.372	The remark that the fisherman who the gardener who planted seeds helped admired the politician was interesting.
exp.a.20	was	2.713	2.713	The remark was interesting.
exp.c.20	was	4.729	3.452	The remark that the fisherman who the gardener helped admired the politician was interesting.
exp.b.20	was	3.214	3.04	The remark that the fisherman admired the politician was interesting.
exp.b.21	was	3.744	3.392	The assumption that the janitor ignored the audience was funny.
exp.d.21	was	6.22	5.179	The assumption that the janitor who the organiser who planned events criticised ignored the audience was funny.
exp.a.21	was	3.842	3.842	The assumption was funny.
exp.c.21	was	5.956	4.521	The assumption that the janitor who the organiser criticised ignored the audience was funny.
exp.a.22	drove	12.28	12.28	The statement drove everyone crazy.
exp.b.22	drove	13.171	13.242	The statement that the investor deceived the entrepreneur drove everyone crazy.
exp.d.22	drove	12.019	11.484	The statement that the investor who the scientist who published research detested deceived the entrepreneur drove everyone crazy.
exp.c.22	drove	10.645	10.642	The statement that the investor who the scientist detested deceived the entrepreneur drove everyone crazy.
exp.d.23	went	8.822	8.622	The idea that the firefighter who the neighbour who spread rumors insulted rescued the houseowner went unnoticed.
exp.b.23	went	7.472	7.462	The idea that the firefighter rescued the houseowner went unnoticed.
exp.c.23	went	8.201	7.882	The idea that the firefighter who the neighbour insulted rescued the houseowner went unnoticed.
exp.a.23	went	8.398	8.398	The idea went unnoticed.
exp.c.24	was	3.635	3.144	The announcement that the agent who the FBI sent arrested the criminal was acknowledged.
exp.d.24	was	5.572	5.269	The announcement that the agent who the FBI who conducted investigations sent arrested the criminal was acknowledged.
exp.a.24	was	3.153	3.153	The announcement was acknowledged.
exp.b.24	was	2.487	2.487	The announcement that the agent arrested the criminal was acknowledged.
exp.d.25	was	5.948	5.763	The news that the plumber who the apprentice who needed advice consulted assisted the woman was true.
exp.a.25	was	4.656	4.656	The news was true.
exp.b.25	was	3.207	3.207	The news that the plumber assisted the woman was true.
exp.c.25	was	5.09	3.543	The news that the plumber who the apprentice consulted assisted the woman was true.
exp.b.26	deserved	8.634	8.653	The thought that the senator defeated the opponent deserved attention.
exp.d.26	deserved	11.928	11.622	The thought that the senator who the diplomat who sought influence supported defeated the opponent deserved attention.
exp.c.26	deserved	10.969	10.574	The thought that the senator who the diplomat supported defeated the opponent deserved attention.
exp.a.26	deserved	13.137	13.137	The thought deserved attention.
exp.b.27	did	6.305	6.29	The truth that the fiance married the bride did not surprise anyone.
exp.d.27	did	7.885	7.422	The truth that the fiance who the author who wrote novels met married the bride did not surprise anyone.
exp.c.27	did	6.547	6.243	The truth that the fiance who the author met married the bride did not surprise anyone.
exp.a.27	did	7.953	7.953	The truth did not surprise anyone.
exp.b.28	came	8.149	8.149	The belief that the businessman fired the employee came as a disappointment.
exp.c.28	came	8.722	7.998	The belief that the businessman who the sponsor backed fired the employee came as a disappointment.
exp.a.28	came	9.764	9.764	The belief came as a disappointment.
exp.d.28	came	9.414	9.232	The belief that the businessman who the sponsor who provided funding backed fired the employee came as a disappointment.
exp.d.29	shocked	10.581	10.368	The conjecture that the thief who the detective who investigated crimes caught robbed the woman shocked her family.
exp.b.29	shocked	11.648	11.648	The conjecture that the thief robbed the woman shocked her family.
exp.a.29	shocked	14.077	14.077	The conjecture shocked her family.
exp.c.29	shocked	10.542	10.39	The conjecture that the thief who the detective caught robbed the woman shocked her family.
exp.c.30	seemed	8.789	8.491	The accusation that the criminal who the stranger distracted abducted the officer seemed concerning.
exp.b.30	seemed	8.337	8.334	The accusation that the criminal abducted the officer seemed concerning.
exp.d.30	seemed	10.239	9.469	The accusation that the criminal who the stranger who caused chaos distracted abducted the officer seemed concerning.
exp.a.30	seemed	8.337	8.337	The accusation seemed concerning.
exp.c.31	was	6.489	4.836	The contention that the customer who the vendor welcomed contacted the clerk was very believable.
exp.b.31	was	3.314	3.284	The contention that the customer contacted the clerk was very believable.
exp.a.31	was	3.745	3.745	The contention was very believable.
exp.d.31	was	7.363	6.647	The contention that the customer who the vendor who provided assistance welcomed contacted the clerk was very believable.
exp.c.32	troubled	12.336	12.275	The concern that the commander who the president appointed resigned yesterday troubled people.
exp.d.32	troubled	13.518	13.261	The concern that the commander who the president who made decisions appointed resigned yesterday troubled people.
exp.b.32	troubled	11.597	11.595	The concern that the commander resigned yesterday troubled people.
exp.a.32	troubled	12.342	12.342	The concern troubled people.
exp.d.33	calmed	14.746	14.168	The conclusion that the trickster who the woman who wore a hat recognized was arrested by the police calmed people down.
exp.a.33	calmed	15.055	15.055	The conclusion calmed people down.
exp.b.33	calmed	13.607	13.58	The conclusion that the trickster was arrested by the police calmed people down.
exp.c.33	calmed	14.818	13.986	The conclusion that the trickster who the woman recognized was arrested by the police calmed people down.
exp.d.34	did	7.64	6.438	The disclosure that the administrator who the farmer who provided support endorsed was elected three days ago did not bother the farmer.
exp.b.34	did	5.181	5.181	The disclosure that the administrator was elected three days ago did not bother the farmer.
exp.c.34	did	8.036	6.359	The disclosure that the administrator who the farmer endorsed was elected three days ago did not bother the farmer.
exp.a.34	did	7.139	7.139	The disclosure did not bother the farmer.
exp.c.35	gave	10.949	9.215	The allegation that the politician who the banker bribed seemed corrupt to everyone gave John the chills.
exp.d.35	gave	10.725	10.188	The allegation that the politician who the banker who laundered money bribed seemed corrupt to everyone gave John the chills.
exp.b.35	gave	8.666	8.662	The allegation that the politician seemed corrupt to everyone gave John the chills.
exp.a.35	gave	8.852	8.848	The allegation gave John the chills.
exp.d.36	did	10.224	10.102	The speculation that the sculptor who the painter who exhibited talent admired made sculptures in the US did not surprise anyone.
exp.c.36	did	11.129	10.629	The speculation that the sculptor who the painter admired made sculptures in the US did not surprise anyone.
exp.a.36	did	7.034	7.034	The speculation did not surprise anyone.
exp.b.36	did	9.649	9.65	The speculation that the sculptor made sculptures in the US did not surprise anyone.
exp.b.37	turned	8.838	8.692	The myth that the runner won the marathon in France turned out to be incorrect.
exp.a.37	turned	10.209	10.209	The myth turned out to be incorrect.
exp.d.37	turned	10.812	10.496	The myth that the runner who the psychiatrist who struggled with anxiety treated won the marathon in France turned out to be incorrect.
exp.c.37	turned	10.848	10.015	The myth that the runner who the psychiatrist treated won the marathon in France turned out to be incorrect.
exp.d.38	was	4.85	4.438	The recognition that the analyst who the banker who managed investments trusted repaired the TV this morning was very believable.
exp.c.38	was	4.667	3.885	The recognition that the analyst who the banker trusted repaired the TV this morning was very believable.
exp.b.38	was	3.362	3.346	The recognition that the analyst repaired the TV this morning was very believable.
exp.a.38	was	5.691	5.691	The recognition was very believable.
exp.a.39	seemed	10.605	10.605	The view seemed very interesting.
exp.b.39	seemed	9.97	9.97	The view that the child wrote articles in newspapers seemed very interesting.
exp.c.39	seemed	9.46	9.018	The view that the child who the medic rescued wrote articles in newspapers seemed very interesting.
exp.d.39	seemed	11.838	11.301	The view that the child who the medic who provided aid rescued wrote articles in newspapers seemed very interesting.
exp.c.40	was	5.78	4.045	The notion that the carpenter who the craftsman carried hurt the apprentice was acknowledged.
exp.d.40	was	6.354	5.784	The notion that the carpenter who the craftsman who designed cabinets carried hurt the apprentice was acknowledged.
exp.a.40	was	6.273	6.273	The notion was acknowledged.
exp.b.40	was	3.803	3.629	The notion that the carpenter hurt the apprentice was acknowledged.
exp.c.41	seemed	9.088	8.584	The proof that the daughter who the sister found greeted the grandmother seemed concerning.
exp.d.41	seemed	11.673	11.152	The proof that the daughter who the sister who lost contact found greeted the grandmother seemed concerning.
exp.a.41	seemed	9.133	9.133	The proof seemed concerning.
exp.b.41	seemed	9.035	8.991	The proof that the daughter greeted the grandmother seemed concerning.
exp.c.42	proved	10.115	9.868	The fact that the tenant who the foreman looked for questioned the shepherd proved to be made up.
exp.a.42	proved	11.307	11.307	The fact proved to be made up.
exp.d.42	proved	12.319	11.974	The fact that the tenant who the foreman who supplied materials looked for questioned the shepherd proved to be made up.
exp.b.42	proved	8.825	8.725	The fact that the tenant questioned the shepherd proved to be made up.
exp.a.43	sounded	10.13	10.13	The suggestion sounded surprising.
exp.b.43	sounded	11.78	11.78	The suggestion that the pharmacist questioned the customer sounded surprising.
exp.d.43	sounded	13.114	12.745	The suggestion that the pharmacist who the stranger who inquired prescriptions saw questioned the customer sounded surprising.
exp.c.43	sounded	12.395	11.72	The suggestion that the pharmacist who the stranger saw questioned the customer sounded surprising.
exp.d.44	had	7.955	6.363	The revelation that the paediatrician who the receptionist who scheduled appointments worked for mistrusted the parent had troubled people.
exp.a.44	had	6.71	6.71	The revelation had troubled people.
exp.c.44	had	6.296	5.914	The revelation that the paediatrician who the receptionist worked for mistrusted the parent had troubled people.
exp.b.44	had	6.703	6.706	The revelation that the paediatrician mistrusted the parent had troubled people.
